title;start;CES_parameters;slurmConfig;regionmapping;extramappings_historic;cm_rcp_scen;subsidizeLearning;cm_prtpScen;capitalMarket;cm_iterative_target_adj;cm_budgetCO2from2020;CCU;carbonprice;cm_taxCO2_functionalForm;cm_taxCO2_startyear;cm_peakBudgYr;cm_taxCO2_regiDiff;cm_taxCO2_regiDiff_endYr;cm_emiscen;c_regi_earlyreti_rate;c_tech_earlyreti_rate;cm_fetaxscen;c_bioliqscen;cm_bioenergy_SustTax;cm_33EW;cm_33OAE;cm_frac_NetNegEmi;c_ccsinjecratescen;c_ccscapratescen;cm_CESMkup_build;cm_CESMkup_ind;cm_CESMkup_ind_data;cm_wasteIncinerationCCSshare;techpol;regipol;cm_implicitQttyTarget;cm_emiMktTarget;cm_NucRegiPol;cm_CoalRegiPol;cm_altFeEmiFac;cm_POPscen;cm_GDPscen;cm_demScen;cm_oil_scen;cm_gas_scen;cm_coal_scen;c_techAssumptScen;cm_nucscen;cm_so2tax_scen;cm_multigasscen;cm_LU_emi_scen;cm_tradecostBio;cm_1stgen_phaseout;c_SSP_forcing_adjust;cm_APscen;cm_EDGEtr_scen;c_changeProdCost;cm_startyear;path_gdx;path_gdx_ref;path_gdx_bau;path_gdx_refpolicycost;description
SSP2-NPi2025_CCUoff;1,AMT,2;;;;;rcp45;;;;0;0;off;NPi2025;;;;;;9;;;;;;;;;;;;;;;NPi2018;regiCarbonPrice;;;on;on;EUR_regi, NEU_regi;;;;;;;;;;3;;;;;;Mix2ICEban;;2005;;;;;SSP2-NPi2025: This National Policies Implemented (NPi) scenario follows the Shared Socioeconomic Pathways 2 called Middle of the Road. The NPi assumes that policies fail to achieve NDC targets in 2030. Instead, carbon prices are assumed to grow and converge more slowly, leading to emissions trajectories in line with bottom-up studies on the effect of currently implemented policies.
SSP2-PkBudg650_nosynfuels;1,AMT,2;;;;;rcp45;;;;0;0;off;NPi2025;;;;;;9;;;;;;;;;;;;;;;NPi2018;regiCarbonPrice;;;on;on;EUR_regi, NEU_regi;;;;;;;;;;3;;;;;;Mix2ICEban;;2005;;SSP2-NPi2025_CCUoff;;;SSP2-NPi2025: This National Policies Implemented (NPi) scenario follows the Shared Socioeconomic Pathways 2 called Middle of the Road. The NPi assumes that policies fail to achieve NDC targets in 2030. Instead, carbon prices are assumed to grow and converge more slowly, leading to emissions trajectories in line with bottom-up studies on the effect of currently implemented policies.
SSP2-PkBudg650_nosynbioliq;1,AMT,2;;;;;rcp45;;;;0;0;off;NPi2025;;;;;;9;;;;0;;;;;;;;;;;NPi2018;regiCarbonPrice;;;on;on;EUR_regi, NEU_regi;;;;;;;;;;3;;;;;;Mix2ICEban;;2005;;SSP2-NPi2025_CCUoff;;;SSP2-NPi2025: This National Policies Implemented (NPi) scenario follows the Shared Socioeconomic Pathways 2 called Middle of the Road. The NPi assumes that policies fail to achieve NDC targets in 2030. Instead, carbon prices are assumed to grow and converge more slowly, leading to emissions trajectories in line with bottom-up studies on the effect of currently implemented policies.
# EU21 SSP2;;;;;;;;;;;;;;;;;;;;;;;;;;;;;;;;;;;;;;;;;;;;;;;;;;;;;;;;;;;;;;;
SSP2-EU21-NPi-calibrate;calibrate;calibrate;14;./config/regionmapping_21_EU11.csv;./config/extramapping_EU27.csv;rcp45;;;;;0;;NPi;;;;;;9;;;;;;;;;;;;;;;NPi2018;regiCarbonPrice;;;on;on;EUR_regi, NEU_regi;;;;;;;;;;3;;;;;;Mix1;;2005;;;;;SSP2-EU21-calibration: This baseline scenario follows the Shared Socioeconomic Pathways 2 called Middle of the Road.
SSP2-EU21-NDC;1,AMT,2;;;./config/regionmapping_21_EU11.csv;./config/extramapping_EU27.csv;rcp45;globallyOptimal;;;3;0;;NDC;;;;;;9;;;;;;;;;;;;;;;NDC;regiCarbonPrice;2030.EUR_regi.tax.t.FE_wo_b_wo_n_e.all 1.2809;2020.2030.EUR_regi.all.year.netGHG_LULUCFGrassi 2.450;on;on;EUR_regi, NEU_regi;;;;;;;;;;3;;;;;;Mix2ICEban;1;2030;;SSP2-EU21-NPi2025;SSP2-EU21-NPi;SSP2-EU21-NPi2025;SSP2-EU21-NDC: This Nationally Determined Contribution (NDC) scenario follows the Shared Socioeconomic Pathways 2 called Middle of the Road. It assumes NPi2025 until 2025 and has start year 2030. The NDC includes all pledged policies even if not yet implemented. It assumes that the moderate and heterogeneous climate ambition reflected in the NDCs at the begining of 2021 continues over the 21st century.
SSP2-EU21-NDCsy2025;1,AMT,2;;;./config/regionmapping_21_EU11.csv;./config/extramapping_EU27.csv;rcp45;globallyOptimal;;;3;0;;NDC;;;;;;9;;;;;;;;;;;;;;;NDC;regiCarbonPrice;2030.EUR_regi.tax.t.FE_wo_b_wo_n_e.all 1.2809;2020.2030.EUR_regi.all.year.netGHG_LULUCFGrassi 2.450;on;on;EUR_regi, NEU_regi;;;;;;;;;;3;;;;;;Mix2ICEban;5;2025;;SSP2-EU21-NPi;SSP2-EU21-NPi;SSP2-EU21-NPi2025;SSP2-EU21-NDCsy2025: This Nationally Determined Contribution (NDC) scenario follows the Shared Socioeconomic Pathways 2 called Middle of the Road. It assumes NPi until 2020 and has start year 2025. The NDC includes all pledged policies even if not yet implemented. It assumes that the moderate and heterogeneous climate ambition reflected in the NDCs at the begining of 2021 continues over the 21st century.
SSP2-EU21-NPi;1,AMT,2;;;./config/regionmapping_21_EU11.csv;./config/extramapping_EU27.csv;rcp45;;;;0;0;;NPi;;;;;;9;;;;;;;;;;;;;;;NPi2018;regiCarbonPrice;;;on;on;EUR_regi, NEU_regi;;;;;;;;;;3;;;;;;Mix1;;2005;;;;;SSP2-EU21-NPi: This National Policies Implemented (NPi) scenario follows the Shared Socioeconomic Pathways 2 called Middle of the Road. The NPi assumes that policies fail to achieve NDC targets in 2030. Instead, carbon prices are assumed to grow and converge more slowly, leading to emissions trajectories in line with bottom-up studies on the effect of currently implemented policies.
SSP2-EU21-NPi2025;1,AMT,2;;;./config/regionmapping_21_EU11.csv;./config/extramapping_EU27.csv;rcp45;;;;0;0;;NPi2025;;;;;;9;;;;;;;;;;;;;;;NPi2018;regiCarbonPrice;;;on;on;EUR_regi, NEU_regi;;;;;;;;;;3;;;;;;Mix2ICEban;;2005;;;;;SSP2-EU21-NPi2025: This National Policies Implemented (NPi) scenario follows the Shared Socioeconomic Pathways 2 called Middle of the Road. The NPi assumes that policies fail to achieve NDC targets in 2030. Instead, carbon prices are assumed to grow and converge more slowly, leading to emissions trajectories in line with bottom-up studies on the effect of currently implemented policies.
SSP2-EU21-NPi2025_CCUoff;1,AMT,2;;;./config/regionmapping_21_EU11.csv;./config/extramapping_EU27.csv;rcp45;;;;0;0;off;NPi2025;;;;;;9;;;;;;;;;;;;;;;NPi2018;regiCarbonPrice;;;on;on;EUR_regi, NEU_regi;;;;;;;;;;3;;;;;;Mix2ICEban;;2005;;;;;SSP2-EU21-NPi2025: This National Policies Implemented (NPi) scenario follows the Shared Socioeconomic Pathways 2 called Middle of the Road. The NPi assumes that policies fail to achieve NDC targets in 2030. Instead, carbon prices are assumed to grow and converge more slowly, leading to emissions trajectories in line with bottom-up studies on the effect of currently implemented policies.
SSP2-EU21-PkBudg500;1,AMT,2;;;./config/regionmapping_21_EU11.csv;./config/extramapping_EU27.csv;rcp20;globallyOptimal;;;9;500;;functionalForm;;200;2045;;;9;;;;;;;;;;;;;;2050.GLO 0.9;NDC;regiCarbonPrice;2030.EUR_regi.tax.t.FE_wo_b_wo_n_e.all 1.2809;;on;on;EUR_regi, NEU_regi;;;;;;;;;;;;;;;;Mix4ICEban;1;2030;;SSP2-EU21-NPi2025;;SSP2-EU21-NPi2025;SSP2-EU21-PkBudg500: This climate policy scenario follows the SSP2. The stylized climate policy scenario assumes a peak budget of 500 Gt CO2 on total CO2 emissions from 2015 to 2100. This is a 1.5C scenario, peak warming is allowed to be at or slightly above 1.5C at median climate sensitivity but returns to values below 1.5C in at least 67 % of scenarios by the end of the century.
SSP2-EU21-PkBudg650;1,AMT,2;;;./config/regionmapping_21_EU11.csv;./config/extramapping_EU27.csv;rcp20;globallyOptimal;;;9;650;;functionalForm;;100;2055;;;9;;;;;;;;;;;;;;2050.GLO 0.9;NDC;regiCarbonPrice;2030.EUR_regi.tax.t.FE_wo_b_wo_n_e.all 1.2809;;on;on;EUR_regi, NEU_regi;;;;;;;;;;;;;;;;Mix4ICEban;1;2030;;SSP2-EU21-NPi2025;;SSP2-EU21-NPi2025;SSP2-EU21-PkBudg650: This climate policy scenario follows the SSP2. The stylized climate policy scenario assumes a peak budget of 650 Gt CO2 on total CO2 emissions from 2015 to 2100. This is a 1.5C scenario, peak warming is allowed to be at or slightly above 1.5C at median climate sensitivity but returns to values below 1.5C in at least 67 % of scenarios by the end of the century.
SSP2-EU21-PkBudg650_nobio2Lcc;1,AMT,2;;;./config/regionmapping_21_EU11.csv;./config/extramapping_EU27.csv;rcp20;globallyOptimal;;;9;650;;functionalForm;;100;2055;;;9;;;;4;;;;;;;;;;2050.GLO 0.9;NDC;regiCarbonPrice;2030.EUR_regi.tax.t.FE_wo_b_wo_n_e.all 1.2809;;on;on;EUR_regi, NEU_regi;;;;;;;;;;;;;;;;Mix4ICEban;1;2030;;SSP2-EU21-NPi2025;;SSP2-EU21-NPi2025;SSP2-EU21-PkBudg650: This climate policy scenario follows the SSP2. The stylized climate policy scenario assumes a peak budget of 650 Gt CO2 on total CO2 emissions from 2015 to 2100. This is a 1.5C scenario, peak warming is allowed to be at or slightly above 1.5C at median climate sensitivity but returns to values below 1.5C in at least 67 % of scenarios by the end of the century.
SSP2-EU21-PkBudg650_nobiocc;1,AMT,2;;;./config/regionmapping_21_EU11.csv;./config/extramapping_EU27.csv;rcp20;globallyOptimal;;;9;650;;functionalForm;;100;2055;;;9;;;;5;;;;;;;;;;2050.GLO 0.9;NDC;regiCarbonPrice;2030.EUR_regi.tax.t.FE_wo_b_wo_n_e.all 1.2809;;on;on;EUR_regi, NEU_regi;;;;;;;;;;;;;;;;Mix4ICEban;1;2030;;SSP2-EU21-NPi2025;;SSP2-EU21-NPi2025;SSP2-EU21-PkBudg650: This climate policy scenario follows the SSP2. The stylized climate policy scenario assumes a peak budget of 650 Gt CO2 on total CO2 emissions from 2015 to 2100. This is a 1.5C scenario, peak warming is allowed to be at or slightly above 1.5C at median climate sensitivity but returns to values below 1.5C in at least 67 % of scenarios by the end of the century.
SSP2-EU21-PkBudg650_nocc;1,AMT,2;;;./config/regionmapping_21_EU11.csv;./config/extramapping_EU27.csv;rcp20;globallyOptimal;;;9;650;;functionalForm;;100;2055;;;9;;;;6;;;;;;;;;;2050.GLO 0.9;NDC;regiCarbonPrice;2030.EUR_regi.tax.t.FE_wo_b_wo_n_e.all 1.2809;;on;on;EUR_regi, NEU_regi;;;;;;;;;;;;;;;;Mix4ICEban;1;2030;;SSP2-EU21-NPi2025;;SSP2-EU21-NPi2025;SSP2-EU21-PkBudg650: This climate policy scenario follows the SSP2. The stylized climate policy scenario assumes a peak budget of 650 Gt CO2 on total CO2 emissions from 2015 to 2100. This is a 1.5C scenario, peak warming is allowed to be at or slightly above 1.5C at median climate sensitivity but returns to values below 1.5C in at least 67 % of scenarios by the end of the century.
SSP2-EU21-PkBudg650_noftcrec;1,AMT,2;;;./config/regionmapping_21_EU11.csv;./config/extramapping_EU27.csv;rcp20;globallyOptimal;;;9;650;;functionalForm;;100;2055;;;9;;;;2;;;;;;;;;;2050.GLO 0.9;NDC;regiCarbonPrice;2030.EUR_regi.tax.t.FE_wo_b_wo_n_e.all 1.2809;;on;on;EUR_regi, NEU_regi;;;;;;;;;;;;;;;;Mix4ICEban;1;2030;;SSP2-EU21-NPi2025;;SSP2-EU21-NPi2025;SSP2-EU21-PkBudg650: This climate policy scenario follows the SSP2. The stylized climate policy scenario assumes a peak budget of 650 Gt CO2 on total CO2 emissions from 2015 to 2100. This is a 1.5C scenario, peak warming is allowed to be at or slightly above 1.5C at median climate sensitivity but returns to values below 1.5C in at least 67 % of scenarios by the end of the century.
SSP2-EU21-PkBudg650_noft;1,AMT,2;;;./config/regionmapping_21_EU11.csv;./config/extramapping_EU27.csv;rcp20;globallyOptimal;;;9;650;;functionalForm;;100;2055;;;9;;;;3;;;;;;;;;;2050.GLO 0.9;NDC;regiCarbonPrice;2030.EUR_regi.tax.t.FE_wo_b_wo_n_e.all 1.2809;;on;on;EUR_regi, NEU_regi;;;;;;;;;;;;;;;;Mix4ICEban;1;2030;;SSP2-EU21-NPi2025;;SSP2-EU21-NPi2025;SSP2-EU21-PkBudg650: This climate policy scenario follows the SSP2. The stylized climate policy scenario assumes a peak budget of 650 Gt CO2 on total CO2 emissions from 2015 to 2100. This is a 1.5C scenario, peak warming is allowed to be at or slightly above 1.5C at median climate sensitivity but returns to values below 1.5C in at least 67 % of scenarios by the end of the century.
SSP2-EU21-PkBudg650_nosynfuels;1,AMT,2;;;./config/regionmapping_21_EU11.csv;./config/extramapping_EU27.csv;rcp20;globallyOptimal;;;9;650;off;functionalForm;;100;2055;;;9;;;;;;;;;;;;;;2050.GLO 0.9;NDC;regiCarbonPrice;2030.EUR_regi.tax.t.FE_wo_b_wo_n_e.all 1.2809;;on;on;EUR_regi, NEU_regi;;;;;;;;;;;;;;;;Mix4ICEban;1;2030;;SSP2-EU21-NPi2025_CCUoff;;SSP2-EU21-NPi2025;SSP2-EU21-PkBudg650: This climate policy scenario follows the SSP2. The stylized climate policy scenario assumes a peak budget of 650 Gt CO2 on total CO2 emissions from 2015 to 2100. This is a 1.5C scenario, peak warming is allowed to be at or slightly above 1.5C at median climate sensitivity but returns to values below 1.5C in at least 67 % of scenarios by the end of the century.
SSP2-EU21-PkBudg650_nosynbioliq;1,AMT,2;;;./config/regionmapping_21_EU11.csv;./config/extramapping_EU27.csv;rcp20;globallyOptimal;;;9;650;off;functionalForm;;100;2055;;;9;;;;0;;;;;;;;;;2050.GLO 0.9;NDC;regiCarbonPrice;2030.EUR_regi.tax.t.FE_wo_b_wo_n_e.all 1.2809;;on;on;EUR_regi, NEU_regi;;;;;;;;;;;;;;;;Mix4ICEban;1;2030;;SSP2-EU21-NPi2025_CCUoff;;SSP2-EU21-NPi2025;SSP2-EU21-PkBudg650: This climate policy scenario follows the SSP2. The stylized climate policy scenario assumes a peak budget of 650 Gt CO2 on total CO2 emissions from 2015 to 2100. This is a 1.5C scenario, peak warming is allowed to be at or slightly above 1.5C at median climate sensitivity but returns to values below 1.5C in at least 67 % of scenarios by the end of the century.
SSP2-EU21-PkBudg650_nobioliq;1,AMT,2;;;./config/regionmapping_21_EU11.csv;./config/extramapping_EU27.csv;rcp20;globallyOptimal;;;9;650;;functionalForm;;100;2055;;;9;;;;0;;;;;;;;;;2050.GLO 0.9;NDC;regiCarbonPrice;2030.EUR_regi.tax.t.FE_wo_b_wo_n_e.all 1.2809;;on;on;EUR_regi, NEU_regi;;;;;;;;;;;;;;;;Mix4ICEban;1;2030;;SSP2-EU21-NPi2025;;SSP2-EU21-NPi2025;SSP2-EU21-PkBudg650: This climate policy scenario follows the SSP2. The stylized climate policy scenario assumes a peak budget of 650 Gt CO2 on total CO2 emissions from 2015 to 2100. This is a 1.5C scenario, peak warming is allowed to be at or slightly above 1.5C at median climate sensitivity but returns to values below 1.5C in at least 67 % of scenarios by the end of the century.
SSP2-EU21-PkBudg1000;1,AMT,2;;;./config/regionmapping_21_EU11.csv;./config/extramapping_EU27.csv;rcp26;globallyOptimal;;;9;1000;;functionalForm;;75;2080;;;9;;;;;;;;;;;;;;2050.GLO 0.5;NDC;regiCarbonPrice;2030.EUR_regi.tax.t.FE_wo_b_wo_n_e.all 1.2809;;on;on;EUR_regi, NEU_regi;;;;;;;;;;;;;;;;Mix3ICEban;1;2030;;SSP2-EU21-NPi2025;;SSP2-EU21-NPi2025;SSP2-EU21-PkBudg1050: This climate policy scenario follows the SSP2. The stylized climate policy scenario assumes a peak budget of 1050 Gt CO2 on total CO2 emissions from 2015 to 2100. This is a well below 2C scenario at median climate sensitivity but returns to values below 2C in at least 67 % of scenarios during the whole century.
